{"1": 55.91428571428571, "2": 49.85000000000001, "4": 39.934285714285714, "5": 60.36285714285715, "8": 45.65857142857143, "15": 67.43999999999998, "16": 45.99285714285714, "17": 53.23857142857143, "18": 58.02}